time_remaining,Harvard,Yale
52.266666666666666,0,7
46.13333333333333,3,7
44.666666666666664,3,14
34.05,3,17
30.033333333333335,3,20
21.5,10,20
14.15,13,20
