time_remaining,Harvard,Yale
52.3,0,3
39.78333333333333,0,10
25.866666666666667,0,17
20.9,3,17
13.933333333333334,3,24
12.066666666666666,10,24
1.8,10,31
