time_remaining,Harvard,Yale
59.78333333333333,0,7
57.68333333333334,7,7
46.983333333333334,7,14
36.583333333333336,14,14
26.583333333333336,14,21
21.4,21,21
16.5,21,28
6.45,28,28
3.8333333333333335,28,35
